Depth,Well Name,GR,ILD_log10,DeltaPHI,PHIND,PE,NM_M,RELPOS
2808.0,STUART,66.27600000000001,0.63,3.3,10.65,3.591,1,1.0
2808.5,STUART,77.252,0.585,6.5,11.95,3.341,1,0.978
2809.0,STUART,82.899,0.5660000000000001,9.4,13.6,3.0639999999999996,1,0.956
2809.5,STUART,80.671,0.593,9.5,13.25,2.977,1,0.9329999999999999
2810.0,STUART,75.971,0.638,8.7,12.35,3.02,1,0.9109999999999999
2810.5,STUART,73.955,0.667,6.9,12.25,3.0860000000000003,1,0.889
2811.0,STUART,77.962,0.674,6.5,12.45,3.092,1,0.867
2811.5,STUART,83.89399999999999,0.667,6.3,12.65,3.123,1,0.8440000000000001
2812.0,STUART,84.42399999999999,0.653,6.7,13.05,3.1210000000000004,1,0.8220000000000001
2812.5,STUART,83.16,0.642,7.3,12.95,3.127,1,0.8
2813.0,STUART,79.063,0.6509999999999999,7.3,12.05,3.147,1,0.778
2813.5,STUART,69.002,0.677,6.2,10.8,3.096,1,0.7559999999999999
2814.0,STUART,63.983000000000004,0.69,4.4,9.7,3.103,1,0.733
2814.5,STUART,61.797,0.675,3.5,9.15,3.1010000000000004,1,0.711
2815.0,STUART,61.372,0.6459999999999999,2.8,9.3,3.065,1,0.6890000000000001
2815.5,STUART,63.535,0.621,2.8,9.8,2.9819999999999998,1,0.667
2816.0,STUART,65.126,0.6,3.3,10.55,2.9139999999999997,1,0.644
2816.5,STUART,75.93,0.5760000000000001,3.4,11.9,2.845,1,0.6
2817.0,STUART,85.07700000000001,0.584,4.4,12.9,2.8539999999999996,1,0.578
2817.5,STUART,89.459,0.598,6.6,13.5,2.986,1,0.556
2818.0,STUART,88.619,0.61,7.2,14.8,2.988,1,0.5329999999999999
2818.5,STUART,81.593,0.636,6.4,13.9,2.998,1,0.511
2819.0,STUART,66.595,0.7020000000000001,2.8,11.4,2.988,1,0.489
2819.5,STUART,55.081,0.789,2.7,8.15,3.028,1,0.467
2820.0,STUART,48.111999999999995,0.84,1.0,7.5,3.073,1,0.444
2820.5,STUART,43.73,0.846,0.4,7.1,3.1460000000000004,1,0.42200000000000004
2821.0,STUART,44.097,0.84,0.7,6.65,3.205,1,0.4
2821.5,STUART,46.839,0.8420000000000001,0.8,6.6,3.2539999999999996,1,0.37799999999999995
2822.0,STUART,50.348,0.843,1.1,6.75,3.23,1,0.35600000000000004
2822.5,STUART,57.129,0.8220000000000001,2.2,7.3,3.237,1,0.33299999999999996
2823.0,STUART,64.465,0.777,4.4,8.4,3.259,1,0.311
2823.5,STUART,70.267,0.7290000000000001,7.1,9.85,3.2889999999999997,1,0.289
2824.0,STUART,76.566,0.664,10.7,11.55,3.3810000000000002,1,0.244
2824.5,STUART,76.778,0.643,10.7,12.25,3.452,1,0.222
2825.0,STUART,73.971,0.632,9.7,12.55,3.3960000000000004,1,0.2
2825.5,STUART,74.314,0.622,8.8,13.1,3.1439999999999997,1,0.17800000000000002
2826.0,STUART,77.031,0.583,4.8,16.2,3.034,1,0.156
2826.5,STUART,74.469,0.517,4.8,19.2,2.931,1,0.133
2827.0,STUART,73.327,0.489,6.3,20.35,2.88,1,0.111
2827.5,STUART,74.575,0.526,4.9,19.25,2.795,1,0.08900000000000001
2828.0,STUART,70.536,0.5579999999999999,6.5,17.05,3.009,1,0.067
2828.5,STUART,62.93899999999999,0.528,7.6,18.8,3.073,1,0.044000000000000004
2829.0,STUART,57.137,0.511,10.9,19.15,3.313,1,0.022000000000000002
2829.5,STUART,47.345,0.584,7.0,16.3,3.5269999999999997,2,1.0
2830.0,STUART,35.733000000000004,0.73,6.4,10.2,3.928,2,0.987
2830.5,STUART,29.326999999999998,0.873,2.7,7.85,4.33,2,0.9740000000000001
2831.0,STUART,28.241999999999997,0.963,1.4,6.3,4.413,2,0.961
2831.5,STUART,34.558,1.018,1.8,5.6,4.511,2,0.9470000000000001
2832.0,STUART,43.754,1.054,1.8,5.2,4.412,2,0.934
2832.5,STUART,53.611999999999995,1.067,1.5,5.05,4.226,2,0.9209999999999999
2833.0,STUART,60.718999999999994,1.0390000000000001,1.9,4.85,3.931,2,0.9079999999999999
2833.5,STUART,66.538,0.94,2.7,5.45,3.7030000000000003,2,0.895
2834.0,STUART,75.52199999999999,0.8009999999999999,4.0,7.3,3.5010000000000003,2,0.882
2834.5,STUART,95.979,0.6920000000000001,6.5,9.55,3.346,2,0.868
2835.0,STUART,130.26,0.644,8.3,11.15,3.242,2,0.855
2835.5,STUART,160.167,0.643,9.3,12.15,3.2939999999999996,2,0.8420000000000001
2836.0,STUART,176.528,0.6729999999999999,9.1,12.05,3.298,2,0.8290000000000001
2836.5,STUART,175.622,0.72,8.9,12.15,3.3489999999999998,2,0.816
2837.0,STUART,153.965,0.7559999999999999,7.6,11.9,3.31,2,0.8029999999999999
2837.5,STUART,120.07600000000001,0.7659999999999999,7.2,12.2,3.365,2,0.789
2838.0,STUART,91.434,0.787,7.1,12.15,3.392,2,0.7759999999999999
2838.5,STUART,69.312,0.8740000000000001,4.6,10.4,3.293,2,0.763
2839.0,STUART,54.828,1.0290000000000001,0.8,8.2,3.395,2,0.75
2839.5,STUART,50.854,1.149,0.3,6.85,3.5,2,0.737
2840.0,STUART,54.632,1.09,1.0,7.4,3.576,2,0.7240000000000001
2840.5,STUART,56.835,0.924,4.1,8.45,3.555,2,0.711
2841.0,STUART,60.393,0.7879999999999999,7.1,10.05,3.591,2,0.6970000000000001
2841.5,STUART,58.94,0.733,8.1,11.15,3.576,2,0.684
2842.0,STUART,49.718999999999994,0.754,6.1,10.75,3.6689999999999996,2,0.6709999999999999
2842.5,STUART,41.403999999999996,0.8190000000000001,3.5,9.55,3.872,2,0.6579999999999999
2843.0,STUART,36.084,0.882,1.6,8.2,4.125,2,0.645
2843.5,STUART,29.344,0.897,0.1,7.25,4.23,2,0.632
2844.0,STUART,24.072,0.841,-0.6,6.8,4.302,2,0.618
2844.5,STUART,22.62,0.733,-2.5,7.65,4.348,2,0.605
2845.0,STUART,22.408,0.597,-3.8,9.5,4.29,2,0.5920000000000001
2845.5,STUART,21.184,0.469,-2.7,11.05,4.255,2,0.579
2846.0,STUART,21.796,0.375,-2.3,13.35,4.213,2,0.5660000000000001
2846.5,STUART,23.925,0.314,-1.8,15.1,4.363,2,0.5529999999999999
2847.0,STUART,24.464000000000002,0.278,-1.3,16.15,4.495,2,0.539
2847.5,STUART,26.039,0.257,-1.9,16.55,4.602,2,0.526
2848.0,STUART,27.491,0.247,-2.5,16.45,4.544,2,0.513
2848.5,STUART,28.193,0.249,-2.4,16.3,4.587,2,0.5
2849.0,STUART,28.634,0.265,-1.9,16.15,4.678,2,0.48700000000000004
2849.5,STUART,29.809,0.299,-1.0,15.2,4.8660000000000005,2,0.474
2850.0,STUART,31.171999999999997,0.349,-1.5,14.15,4.783,2,0.461
2850.5,STUART,33.448,0.418,-1.1,12.65,4.688,2,0.447
2851.0,STUART,33.514,0.503,-1.2,11.3,4.628,2,0.434
2851.5,STUART,35.146,0.593,-0.5,10.05,4.387,2,0.42100000000000004
2852.0,STUART,35.953,0.6709999999999999,-0.7,9.45,4.291,2,0.408
2852.5,STUART,35.178000000000004,0.7290000000000001,-0.6,9.0,4.178,2,0.395
2853.0,STUART,36.109,0.773,0.1,8.35,4.203,2,0.382
2853.5,STUART,38.769,0.82,1.3,7.55,4.262,2,0.368
2854.0,STUART,39.510999999999996,0.873,1.3,7.05,4.387,2,0.355
2854.5,STUART,40.523,0.927,2.6,6.5,4.006,2,0.342
2855.0,STUART,42.693999999999996,0.9640000000000001,2.8,6.8,3.718,2,0.32899999999999996
2855.5,STUART,45.297,0.9590000000000001,3.0,7.3,3.594,2,0.316
2856.0,STUART,48.145,0.915,3.8,8.2,3.46,2,0.303
2856.5,STUART,51.041000000000004,0.862,5.9,8.75,3.333,2,0.289
2857.0,STUART,56.125,0.825,7.4,9.3,3.3360000000000003,2,0.276
2857.5,STUART,62.205,0.807,6.4,9.9,3.362,2,0.263
2858.0,STUART,64.865,0.794,4.7,10.25,3.2439999999999998,2,0.25
2858.5,STUART,68.186,0.7709999999999999,4.1,10.25,3.174,2,0.237
2859.0,STUART,72.421,0.743,4.1,10.55,3.174,2,0.22399999999999998
2859.5,STUART,74.322,0.73,4.5,10.65,3.187,2,0.21100000000000002
2860.0,STUART,72.543,0.748,4.1,10.35,3.359,2,0.19699999999999998
2860.5,STUART,65.672,0.8140000000000001,3.5,9.05,3.6180000000000003,2,0.184
2861.0,STUART,57.153,0.951,1.7,6.75,3.9019999999999997,2,0.171
2861.5,STUART,46.056000000000004,1.148,0.1,4.55,4.221,2,0.158
2862.0,STUART,37.961,1.324,0.0,3.3,4.561,2,0.145
2862.5,STUART,33.579,1.402,-0.2,2.8,4.7989999999999995,2,0.132
2863.0,STUART,31.212,1.439,-0.4,2.7,4.874,2,0.11800000000000001
2863.5,STUART,30.176,1.486,-0.5,2.55,4.787,2,0.105
2864.0,STUART,29.858,1.507,-0.7,2.75,4.622,2,0.092
2864.5,STUART,29.923000000000002,1.433,-0.6,3.3,4.375,2,0.079
2865.0,STUART,34.428000000000004,1.2790000000000001,0.0,4.0,4.115,2,0.066
2865.5,STUART,39.935,1.1340000000000001,0.8,4.6,3.9789999999999996,2,0.053
2866.0,STUART,39.935,1.1340000000000001,0.8,4.6,3.9789999999999996,2,0.053
2866.5,STUART,46.823,1.05,1.3,5.15,3.727,2,0.039
2867.0,STUART,57.968999999999994,1.01,2.0,5.2,3.537,2,0.026000000000000002
2867.5,STUART,71.24600000000001,0.9540000000000001,2.3,5.65,3.4819999999999998,2,0.013000000000000001
2868.0,STUART,82.54799999999999,0.843,3.2,7.2,3.532,1,1.0
2868.5,STUART,92.119,0.718,4.9,8.95,3.484,1,0.968
2869.0,STUART,93.564,0.635,7.0,11.1,3.4019999999999997,1,0.935
2869.5,STUART,86.26,0.615,9.0,11.9,3.486,1,0.903
2870.0,STUART,77.097,0.637,9.5,11.25,3.56,1,0.871
2870.5,STUART,67.68,0.6509999999999999,9.2,10.7,3.4730000000000003,1,0.8390000000000001
2871.0,STUART,64.04899999999999,0.639,8.5,10.65,3.4010000000000002,1,0.8059999999999999
2871.5,STUART,67.566,0.621,7.5,11.45,3.307,1,0.774
2872.0,STUART,69.72800000000001,0.604,7.1,12.45,3.28,1,0.742
2872.5,STUART,67.96600000000001,0.5820000000000001,8.3,13.45,3.253,1,0.71
2873.0,STUART,65.803,0.565,9.6,13.5,3.284,1,0.677
2873.5,STUART,62.351000000000006,0.575,10.1,11.85,3.405,1,0.645
2874.0,STUART,59.512,0.621,10.1,9.65,3.5039999999999996,1,0.613
2874.5,STUART,61.176,0.691,9.9,8.15,3.5869999999999997,1,0.581
2875.0,STUART,65.75399999999999,0.7509999999999999,9.6,7.7,3.605,1,0.5479999999999999
2875.5,STUART,66.66,0.768,9.0,8.2,3.505,1,0.516
2876.0,STUART,64.604,0.742,8.0,8.9,3.411,1,0.484
2876.5,STUART,61.699,0.696,7.0,9.2,3.319,1,0.452
2877.0,STUART,58.353,0.657,5.6,9.3,3.265,1,0.419
2877.5,STUART,55.928999999999995,0.64,4.2,9.2,3.167,1,0.387
2878.0,STUART,57.413999999999994,0.64,4.0,9.1,3.181,1,0.355
2878.5,STUART,60.393,0.64,3.8,9.3,3.133,1,0.32299999999999995
2879.0,STUART,65.90100000000001,0.636,4.2,9.9,3.1630000000000003,1,0.29
2879.5,STUART,71.385,0.635,5.8,10.8,3.1310000000000002,1,0.258
2880.0,STUART,75.816,0.625,4.9,13.55,2.997,1,0.226
2880.5,STUART,75.334,0.5870000000000001,5.6,15.9,2.938,1,0.19399999999999998
2881.0,STUART,72.69,0.5579999999999999,4.8,18.5,2.969,1,0.129
2881.5,STUART,68.635,0.5579999999999999,6.9,19.45,3.1039999999999996,1,0.09699999999999999
2882.0,STUART,60.695,0.52,7.5,21.25,3.147,1,0.065
2882.5,STUART,51.645,0.501,5.6,18.1,3.3539999999999996,1,0.032
2883.0,STUART,41.918,0.5479999999999999,7.0,10.9,3.764,2,1.0
2883.5,STUART,32.991,0.633,7.7,6.35,4.109,2,0.968
2884.0,STUART,28.258000000000003,0.705,5.0,6.1,4.154,2,0.935
2884.5,STUART,26.635,0.769,4.1,5.35,4.321000000000001,2,0.903
2885.0,STUART,25.541,0.847,3.6,4.8,4.476,2,0.871
2885.5,STUART,23.795,0.948,2.3,4.45,4.565,2,0.8390000000000001
2886.0,STUART,20.719,1.061,2.2,3.5,4.615,2,0.8059999999999999
2886.5,STUART,18.499000000000002,1.139,2.4,3.2,4.696000000000001,2,0.774
2887.0,STUART,19.445999999999998,1.1179999999999999,1.5,4.65,4.668,2,0.742
2887.5,STUART,21.388,1.0190000000000001,1.0,7.1,4.579,2,0.71
2888.0,STUART,24.178,0.9079999999999999,1.2,9.2,4.292,2,0.677
2888.5,STUART,27.638,0.812,0.0,11.1,4.046,2,0.645
2889.0,STUART,31.669,0.7240000000000001,0.9,11.45,3.822,2,0.613
2889.5,STUART,39.389,0.627,3.4,11.2,3.6289999999999996,2,0.581
2890.0,STUART,49.385,0.535,6.4,11.5,3.517,2,0.5479999999999999
2890.5,STUART,58.516000000000005,0.488,9.0,11.4,3.4739999999999998,2,0.516
2891.0,STUART,66.619,0.511,9.2,10.8,3.613,2,0.484
2891.5,STUART,67.296,0.602,6.4,9.5,3.862,2,0.452
2892.0,STUART,57.798,0.745,3.7,8.25,4.052,2,0.419
2892.5,STUART,48.169,0.912,1.1,7.45,4.2410000000000005,2,0.387
2893.0,STUART,41.437,1.045,0.4,6.3,4.476,2,0.355
2893.5,STUART,39.348,1.117,0.1,5.35,4.712,2,0.32299999999999995
2894.0,STUART,49.312,1.1440000000000001,1.0,4.5,4.56,2,0.29
2894.5,STUART,61.983999999999995,1.143,0.7,4.85,4.605,2,0.258
2895.0,STUART,73.506,1.122,0.9,5.75,4.574,2,0.226
2895.5,STUART,74.208,1.095,0.3,6.85,4.478,2,0.19399999999999998
2896.0,STUART,67.819,1.072,-0.7,7.55,4.444,2,0.161
2896.5,STUART,61.625,1.057,-1.2,7.4,4.439,2,0.129
2897.0,STUART,61.625,1.057,-1.2,7.4,4.439,2,0.129
2897.5,STUART,55.481,1.041,-0.9,6.55,4.335,2,0.09699999999999999
2898.0,STUART,57.251000000000005,0.98,-0.1,5.75,3.907,2,0.065
2898.5,STUART,67.28,0.84,-0.6,7.1,3.58,2,0.032
2899.0,STUART,76.02,0.6859999999999999,0.7,9.45,3.23,1,1.0
2899.5,STUART,84.45700000000001,0.603,2.5,12.45,2.967,1,0.9470000000000001
2900.0,STUART,89.01899999999999,0.595,4.6,14.9,2.7939999999999996,1,0.895
2900.5,STUART,89.93299999999999,0.591,3.9,18.55,2.7889999999999997,1,0.8420000000000001
2901.0,STUART,89.38600000000001,0.539,4.5,22.55,2.861,1,0.789
2901.5,STUART,89.427,0.479,6.2,25.4,2.935,1,0.737
2902.0,STUART,87.51700000000001,0.461,7.6,24.4,3.128,1,0.684
2902.5,STUART,83.74700000000001,0.485,8.7,23.15,3.284,1,0.632
2903.0,STUART,78.304,0.541,6.1,21.25,3.332,1,0.579
2903.5,STUART,71.858,0.635,8.5,15.95,3.485,1,0.526
2904.0,STUART,64.70100000000001,0.737,5.0,15.7,3.471,1,0.474
2904.5,STUART,64.293,0.752,1.7,17.15,3.45,1,0.42100000000000004
2905.0,STUART,67.158,0.6859999999999999,-0.3,19.95,3.2760000000000002,1,0.368
2905.5,STUART,72.47800000000001,0.631,0.2,20.4,3.1710000000000003,1,0.316
2906.0,STUART,78.068,0.614,5.0,18.1,3.252,1,0.21100000000000002
2906.5,STUART,73.008,0.5920000000000001,2.4,20.1,3.175,1,0.158
2907.0,STUART,64.64399999999999,0.5429999999999999,1.7,22.35,3.302,1,0.105
2907.5,STUART,49.801,0.5379999999999999,0.0,20.8,3.551,1,0.053
2908.0,STUART,35.937,0.628,-2.8,16.8,3.96,2,1.0
2908.5,STUART,24.203000000000003,0.743,-0.3,12.35,4.454,2,0.963
2909.0,STUART,15.985999999999999,0.777,-0.2,11.5,4.657,2,0.9259999999999999
2909.5,STUART,12.036,0.773,-0.5,10.55,4.593999999999999,2,0.889
2910.0,STUART,12.745999999999999,0.787,-1.2,9.2,4.437,2,0.852
2910.5,STUART,14.843,0.809,-1.6,7.7,4.351,2,0.815
2911.0,STUART,17.087,0.8059999999999999,-1.0,6.8,4.242,2,0.778
2911.5,STUART,17.977,0.765,0.3,6.45,4.105,2,0.741
2912.0,STUART,18.834,0.701,-0.1,7.15,4.279,2,0.7040000000000001
2912.5,STUART,19.258,0.644,0.4,7.4,4.669,2,0.667
2913.0,STUART,19.062,0.61,0.6,7.8,5.19,2,0.63
2913.5,STUART,18.637999999999998,0.6,1.8,7.6,5.527,2,0.593
2914.0,STUART,19.462,0.598,3.4,6.8,6.321000000000001,2,0.556
2914.5,STUART,19.552,0.581,3.1,6.95,6.16,2,0.519
2915.0,STUART,20.653000000000002,0.529,0.9,8.65,5.865,2,0.48100000000000004
2915.5,STUART,23.371,0.45,-1.0,11.3,5.315,2,0.444
2916.0,STUART,25.468000000000004,0.391,-1.3,13.75,4.918,2,0.40700000000000003
2916.5,STUART,26.291999999999998,0.377,-2.3,14.85,4.521,2,0.37
2917.0,STUART,27.736,0.41100000000000003,-3.6,14.1,4.4430000000000005,2,0.33299999999999996
2917.5,STUART,29.784000000000002,0.48200000000000004,-3.1,11.85,4.3469999999999995,2,0.29600000000000004
2918.0,STUART,31.041,0.578,-2.2,9.4,4.416,2,0.259
2918.5,STUART,30.837,0.6829999999999999,-0.4,7.4,4.394,2,0.222
2919.0,STUART,32.64,0.807,1.0,5.6,4.343,2,0.185
2919.5,STUART,33.571,0.9420000000000001,1.6,4.5,4.086,2,0.14800000000000002
2920.0,STUART,39.56,1.003,1.9,4.55,3.8110000000000004,2,0.111
2920.5,STUART,47.475,0.9309999999999999,1.5,6.15,3.625,2,0.07400000000000001
2921.0,STUART,56.443000000000005,0.821,2.3,8.05,3.3930000000000002,2,0.037000000000000005
2921.5,STUART,64.79899999999999,0.7509999999999999,3.4,9.6,3.12,1,1.0
2922.0,STUART,69.72,0.711,3.0,12.4,3.03,1,0.95
2922.5,STUART,72.51100000000001,0.637,3.5,16.35,2.984,1,0.9
2923.0,STUART,74.69800000000001,0.525,5.4,20.8,2.915,1,0.85
2923.5,STUART,74.69800000000001,0.525,5.4,20.8,2.915,1,0.85
2924.0,STUART,73.425,0.45799999999999996,5.2,21.6,2.92,1,0.8
2924.5,STUART,71.328,0.486,3.1,17.35,2.995,1,0.75
2925.0,STUART,68.937,0.5870000000000001,4.1,13.25,3.122,1,0.7
2925.5,STUART,66.562,0.6709999999999999,1.3,13.25,3.2430000000000003,1,0.65
2926.0,STUART,64.63600000000001,0.6629999999999999,3.2,13.3,3.324,1,0.6
2926.5,STUART,66.619,0.625,4.0,13.6,3.33,1,0.55
2927.0,STUART,66.619,0.625,4.0,13.6,3.33,1,0.55
2927.5,STUART,65.624,0.635,3.2,12.4,3.3089999999999997,1,0.5
2928.0,STUART,65.322,0.68,3.3,9.65,3.315,1,0.45
2928.5,STUART,67.035,0.7070000000000001,2.4,8.6,3.2319999999999998,1,0.4
2929.0,STUART,68.194,0.693,3.0,8.8,3.157,1,0.35
2929.5,STUART,69.149,0.6459999999999999,3.0,10.4,3.034,1,0.3
2930.0,STUART,72.20100000000001,0.588,3.2,13.2,3.052,1,0.25
2930.5,STUART,73.77600000000001,0.542,4.4,16.0,3.1319999999999997,1,0.2
2931.0,STUART,72.609,0.525,5.5,17.55,3.31,1,0.15
2931.5,STUART,66.86399999999999,0.55,5.3,16.55,3.625,1,0.1
2932.0,STUART,53.702,0.62,5.7,13.75,4.003,1,0.05
2932.5,STUART,40.474000000000004,0.713,4.7,11.15,4.2780000000000005,2,1.0
2933.0,STUART,28.12,0.774,2.2,10.5,4.537,2,0.9
2933.5,STUART,20.213,0.769,-1.1,10.95,4.6819999999999995,2,0.8
2934.0,STUART,19.192999999999998,0.732,-1.0,11.1,4.546,2,0.7
2934.5,STUART,20.449,0.6990000000000001,-0.7,10.65,4.386,2,0.6
2935.0,STUART,21.355,0.679,-0.1,9.95,4.28,2,0.5
2935.5,STUART,21.641,0.6679999999999999,1.3,8.95,4.221,2,0.4
2936.0,STUART,24.203000000000003,0.653,2.6,8.3,4.099,2,0.3
2936.5,STUART,34.574,0.613,2.4,9.0,3.66,2,0.2
2937.0,STUART,45.231,0.5479999999999999,2.3,10.45,3.4960000000000004,2,0.1
2937.5,STUART,56.427,0.498,2.9,11.35,3.338,1,1.0
2938.0,STUART,67.06,0.504,1.7,11.65,3.135,1,0.9440000000000001
2938.5,STUART,70.83800000000001,0.5579999999999999,2.0,10.8,3.012,1,0.889
2939.0,STUART,69.932,0.612,3.3,10.05,3.0660000000000003,1,0.833
2939.5,STUART,74.52600000000001,0.633,4.1,10.25,3.109,1,0.778
2940.0,STUART,77.611,0.626,5.0,11.0,3.063,1,0.722
2940.5,STUART,78.59,0.605,5.9,11.55,3.092,1,0.667
2941.0,STUART,76.729,0.591,5.7,11.95,3.051,1,0.611
2941.5,STUART,74.11,0.608,3.7,10.95,3.07,1,0.556
2942.0,STUART,66.407,0.653,2.2,9.6,2.997,1,0.5
2942.5,STUART,64.081,0.693,1.4,8.6,3.093,1,0.444
2943.0,STUART,65.885,0.705,0.9,8.55,3.1060000000000003,1,0.389
2943.5,STUART,70.29899999999999,0.696,1.4,9.0,3.085,1,0.33299999999999996
2944.0,STUART,70.29899999999999,0.696,1.4,9.0,3.085,1,0.33299999999999996
2944.5,STUART,74.551,0.677,3.1,9.65,3.0660000000000003,1,0.278
2945.0,STUART,79.65899999999999,0.643,3.4,12.5,2.9019999999999997,1,0.222
2945.5,STUART,80.402,0.573,-2.8,19.3,2.9819999999999998,1,0.16699999999999998
2946.0,STUART,74.649,0.483,-0.5,23.95,3.14,1,0.111
2946.5,STUART,63.428999999999995,0.461,0.2,24.2,3.3939999999999997,1,0.055999999999999994
2947.0,STUART,47.916000000000004,0.598,-7.6,18.9,3.762,2,1.0
2947.5,STUART,32.469,0.912,-1.4,9.8,4.314,2,0.929
2948.0,STUART,20.718000000000004,1.222,-2.9,7.85,4.863,2,0.857
2948.5,STUART,15.015,1.2329999999999999,-1.6,6.4,4.813,2,0.7859999999999999
2949.0,STUART,14.084000000000001,1.084,-1.1,6.55,4.644,2,0.7140000000000001
2949.5,STUART,15.937000000000001,0.9620000000000001,-0.4,7.4,4.6339999999999995,2,0.643
2950.0,STUART,19.348,0.9009999999999999,-1.0,7.9,4.545,2,0.5710000000000001
2950.5,STUART,21.469,0.9059999999999999,-1.1,6.75,4.5760000000000005,2,0.5
2951.0,STUART,22.587,0.9690000000000001,-1.4,5.5,4.527,2,0.429
2951.5,STUART,25.721,1.079,-0.9,4.45,4.512,2,0.35700000000000004
2952.0,STUART,29.45,1.2,0.0,4.0,4.437,2,0.28600000000000003
2952.5,STUART,36.313,1.169,-3.3,6.95,3.97,2,0.214
2953.0,STUART,49.49100000000001,0.909,-8.9,13.85,3.695,2,0.14300000000000002
2953.5,STUART,69.222,0.469,-6.0,27.9,3.3510000000000004,1,1.0
2954.0,STUART,70.968,0.444,-2.5,28.85,3.49,1,0.75
2954.5,STUART,65.37899999999999,0.501,-0.3,22.75,3.9,1,0.5
2955.0,STUART,54.093,0.56,-0.5,16.75,4.126,1,0.25
2955.5,STUART,41.633,0.541,3.9,11.55,4.482,2,1.0
2956.0,STUART,33.644,0.439,3.8,11.7,4.707,2,0.976
2956.5,STUART,28.976999999999997,0.321,1.3,14.45,4.447,2,0.951
2957.0,STUART,24.611,0.23199999999999998,-1.1,17.25,4.481,2,0.927
2957.5,STUART,24.154,0.184,-2.9,19.65,4.327,2,0.902
2958.0,STUART,25.639,0.17300000000000001,-2.4,20.5,4.302,2,0.878
2958.5,STUART,25.956999999999997,0.191,-2.4,19.9,4.294,2,0.8540000000000001
2959.0,STUART,38.965,0.266,-2.1,17.05,4.228,2,0.805
2959.5,STUART,45.354,0.301,0.2,14.8,4.127,2,0.78
2960.0,STUART,53.645,0.327,2.6,12.6,3.908,2,0.7559999999999999
2960.5,STUART,60.163999999999994,0.33799999999999997,3.8,12.2,3.74,2,0.732
2961.0,STUART,64.032,0.33399999999999996,5.5,13.15,3.5380000000000003,2,0.7070000000000001
2961.5,STUART,66.774,0.32299999999999995,7.9,14.75,3.5580000000000003,2,0.6829999999999999
2962.0,STUART,68.423,0.313,8.1,15.75,3.4760000000000004,2,0.659
2962.5,STUART,63.501999999999995,0.318,6.1,14.75,3.682,2,0.634
2963.0,STUART,57.903999999999996,0.349,2.8,12.9,3.937,2,0.61
2963.5,STUART,52.935,0.415,2.3,10.25,4.133,2,0.585
2964.0,STUART,45.125,0.507,2.3,8.45,4.248,2,0.561
2964.5,STUART,39.927,0.605,3.5,6.75,4.468,2,0.537
2965.0,STUART,36.215,0.703,2.4,6.0,4.575,2,0.512
2965.5,STUART,31.253,0.787,2.3,4.45,4.5569999999999995,2,0.488
2966.0,STUART,28.445999999999998,0.8320000000000001,2.2,3.4,4.573,2,0.46299999999999997
2966.5,STUART,27.296,0.821,1.2,4.4,4.79,2,0.439
2967.0,STUART,28.944000000000003,0.755,-0.4,7.3,4.887,2,0.415
2967.5,STUART,31.596,0.659,-1.6,11.0,4.824,2,0.39
2968.0,STUART,33.211999999999996,0.574,-3.1,14.45,4.765,2,0.366
2968.5,STUART,34.689,0.517,-3.0,16.4,4.766,2,0.341
2969.0,STUART,39.266,0.493,-1.9,16.15,4.705,2,0.317
2969.5,STUART,50.103,0.499,-2.0,14.6,4.453,2,0.293
2970.0,STUART,65.167,0.525,-1.6,13.1,4.3660000000000005,2,0.268
2970.5,STUART,76.436,0.557,-0.6,11.7,4.289,2,0.244
2971.0,STUART,92.88600000000001,0.628,-0.2,9.4,4.272,2,0.195
2971.5,STUART,99.64299999999999,0.6829999999999999,-0.3,7.95,4.395,2,0.171
2972.0,STUART,101.585,0.757,0.0,6.5,4.51,2,0.146
2972.5,STUART,95.775,0.85,1.6,4.9,4.53,2,0.122
2973.0,STUART,87.036,0.951,2.1,3.95,4.456,2,0.098
2973.5,STUART,72.331,1.0190000000000001,2.6,3.6,4.056,2,0.073
2974.0,STUART,58.858999999999995,0.991,3.4,3.9,3.7119999999999997,2,0.049
2974.5,STUART,60.931999999999995,0.857,1.3,7.35,3.3710000000000004,2,0.024
2975.0,STUART,67.655,0.675,-0.8,14.4,3.1310000000000002,1,1.0
2975.5,STUART,77.219,0.528,6.8,20.9,3.008,1,0.977
2976.0,STUART,82.115,0.45899999999999996,10.6,24.2,2.988,1,0.953
2976.5,STUART,84.865,0.446,9.4,23.7,3.134,1,0.93
2977.0,STUART,84.384,0.449,13.3,21.45,3.409,1,0.907
2977.5,STUART,81.77199999999999,0.44299999999999995,14.8,20.9,3.483,1,0.884
2978.0,STUART,78.998,0.444,16.5,20.65,3.438,1,0.8370000000000001
2978.5,STUART,79.896,0.457,14.9,20.15,3.423,1,0.8140000000000001
2979.0,STUART,79.194,0.462,14.8,19.9,3.45,1,0.7909999999999999
2979.5,STUART,78.99,0.451,13.5,19.65,3.3930000000000002,1,0.767
2980.0,STUART,79.21,0.441,15.1,18.95,3.475,1,0.7440000000000001
2980.5,STUART,78.1,0.451,15.6,17.5,3.478,1,0.721
2981.0,STUART,78.59,0.489,14.3,16.75,3.505,1,0.698
2981.5,STUART,79.439,0.544,12.7,15.25,3.478,1,0.674
2982.0,STUART,81.29899999999999,0.5760000000000001,11.5,14.65,3.4530000000000003,1,0.6509999999999999
2982.5,STUART,78.933,0.494,11.9,14.85,3.4789999999999996,1,0.605
2983.0,STUART,79.471,0.441,13.4,16.3,3.4939999999999998,1,0.581
2983.5,STUART,81.895,0.431,14.2,16.8,3.4410000000000003,1,0.5579999999999999
2984.0,STUART,82.76799999999999,0.46799999999999997,14.3,16.05,3.4930000000000003,1,0.535
2984.5,STUART,79.02199999999999,0.537,12.9,15.05,3.5,1,0.512
2985.0,STUART,76.74600000000001,0.601,11.4,13.8,3.4410000000000003,1,0.488
2985.5,STUART,73.066,0.638,11.1,13.25,3.426,1,0.465
2986.0,STUART,70.35600000000001,0.6509999999999999,11.0,13.1,3.447,1,0.442
2986.5,STUART,74.608,0.621,10.5,14.85,3.3989999999999996,1,0.395
2987.0,STUART,73.008,0.585,11.1,15.15,3.3930000000000002,1,0.37200000000000005
2987.5,STUART,70.438,0.546,12.1,15.15,3.4389999999999996,1,0.349
2988.0,STUART,68.08,0.5,13.5,14.65,3.478,1,0.326
2988.5,STUART,66.75,0.46,13.6,15.2,3.4610000000000003,1,0.302
2989.0,STUART,69.45100000000001,0.455,13.4,14.8,3.4939999999999998,1,0.27899999999999997
2989.5,STUART,75.946,0.494,14.2,14.0,3.5410000000000004,1,0.256
2990.0,STUART,80.344,0.556,11.8,13.6,3.522,1,0.233
2990.5,STUART,83.772,0.616,10.4,12.9,3.4760000000000004,1,0.18600000000000003
2991.0,STUART,84.76700000000001,0.618,10.7,12.55,3.39,1,0.163
2991.5,STUART,84.09,0.616,9.4,13.4,3.2889999999999997,1,0.14
2992.0,STUART,86.62799999999999,0.601,8.8,14.4,3.19,1,0.11599999999999999
2992.5,STUART,90.43,0.556,2.0,21.4,3.045,1,0.09300000000000001
2993.0,STUART,87.07700000000001,0.498,2.0,26.4,3.088,1,0.07
2993.5,STUART,76.623,0.479,5.3,28.45,3.2239999999999998,1,0.047
2994.0,STUART,62.768,0.546,3.2,26.3,3.3339999999999996,1,0.023
2994.5,STUART,43.738,0.703,1.8,19.3,3.8760000000000003,2,1.0
2995.0,STUART,27.859,0.855,6.9,11.75,4.508,2,0.993
2995.5,STUART,18.034000000000002,0.879,5.3,9.55,4.815,2,0.985
2996.0,STUART,13.203,0.83,3.0,9.1,4.863,2,0.978
2996.5,STUART,12.762,0.767,2.0,8.9,5.024,2,0.97
2997.0,STUART,14.843,0.7020000000000001,1.8,9.2,4.6160000000000005,2,0.963
2997.5,STUART,19.087,0.644,0.4,10.4,4.172,2,0.955
2998.0,STUART,19.087,0.644,0.4,10.4,4.172,2,0.955
2998.5,STUART,25.206999999999997,0.601,-0.2,10.7,3.97,2,0.948
2999.0,STUART,27.997,0.5870000000000001,1.1,10.25,3.9330000000000003,2,0.94
2999.5,STUART,28.822,0.602,2.2,10.0,3.875,2,0.9329999999999999
3000.0,STUART,28.618000000000002,0.622,1.9,10.35,3.969,2,0.925
3000.5,STUART,24.815,0.612,0.7,11.15,4.118,2,0.9179999999999999
3001.0,STUART,23.371,0.575,0.2,11.8,4.243,2,0.91
3001.5,STUART,23.052,0.542,0.1,12.35,4.196000000000001,2,0.903
3002.0,STUART,23.109,0.522,-0.1,12.15,4.192,2,0.8959999999999999
3002.5,STUART,24.138,0.511,-0.3,12.05,3.978,2,0.888
3003.0,STUART,24.448,0.511,-0.1,11.75,3.975,2,0.8809999999999999
3003.5,STUART,25.419,0.523,0.0,11.6,3.9619999999999997,2,0.873
3004.0,STUART,26.724,0.56,-0.7,11.35,3.99,2,0.866
3004.5,STUART,29.213,0.623,-0.8,10.7,3.885,2,0.858
3005.0,STUART,34.036,0.6859999999999999,0.4,9.4,3.8160000000000003,2,0.851
3005.5,STUART,38.157,0.716,1.7,7.75,3.66,2,0.843
3006.0,STUART,40.45,0.701,1.8,6.8,3.5439999999999996,2,0.836
3006.5,STUART,41.576,0.662,3.5,6.45,3.392,2,0.828
3007.0,STUART,40.123000000000005,0.633,3.7,7.35,3.24,2,0.821
3007.5,STUART,36.663000000000004,0.632,3.4,8.1,3.2119999999999997,2,0.813
3008.0,STUART,32.705999999999996,0.65,3.8,8.3,3.253,2,0.8059999999999999
3008.5,STUART,30.323,0.672,3.4,8.7,3.2889999999999997,2,0.799
3009.0,STUART,28.601,0.6940000000000001,3.0,9.4,3.3139999999999996,2,0.7909999999999999
3009.5,STUART,28.169,0.721,2.4,9.7,3.262,2,0.784
3010.0,STUART,29.441999999999997,0.7559999999999999,1.4,9.8,3.31,2,0.7759999999999999
3010.5,STUART,30.878,0.795,0.7,9.55,3.359,2,0.769
3011.0,STUART,32.150999999999996,0.8320000000000001,0.1,9.35,3.409,2,0.7609999999999999
3011.5,STUART,33.677,0.856,0.4,9.1,3.417,2,0.754
3012.0,STUART,33.701,0.872,1.1,8.95,3.444,2,0.746
3012.5,STUART,35.105,0.889,1.5,8.75,3.466,2,0.7390000000000001
3013.0,STUART,37.104,0.914,1.6,8.6,3.49,2,0.731
3013.5,STUART,37.349000000000004,0.9390000000000001,2.1,7.95,3.418,2,0.7240000000000001
3014.0,STUART,37.936,0.9520000000000001,2.4,7.7,3.5039999999999996,2,0.716
3014.5,STUART,39.086999999999996,0.953,2.1,7.75,3.511,2,0.7090000000000001
3015.0,STUART,38.059,0.951,1.7,7.55,3.55,2,0.701
3015.5,STUART,37.202,0.9520000000000001,2.2,7.3,3.603,2,0.6940000000000001
3016.0,STUART,37.218,0.951,1.8,7.5,3.675,2,0.687
3016.5,STUART,37.781,0.9490000000000001,1.4,7.6,3.741,2,0.679
3017.0,STUART,40.164,0.948,1.5,7.35,3.735,2,0.672
3017.5,STUART,40.955999999999996,0.95,1.6,7.3,3.747,2,0.664
3018.0,STUART,41.013000000000005,0.9520000000000001,1.5,7.25,3.64,2,0.657
3018.5,STUART,42.547,0.95,1.9,7.15,3.6830000000000003,2,0.649
3019.0,STUART,41.192,0.945,2.0,7.0,3.6439999999999997,2,0.642
3019.5,STUART,42.726000000000006,0.941,2.3,7.15,3.7039999999999997,2,0.634
3020.0,STUART,44.407,0.9420000000000001,3.4,7.0,3.695,2,0.627
3020.5,STUART,45.387,0.946,3.8,6.8,3.7880000000000003,2,0.619
3021.0,STUART,45.052,0.945,2.6,7.5,3.917,2,0.612
3021.5,STUART,46.129,0.935,2.4,7.4,3.948,2,0.604
3022.0,STUART,47.826,0.925,2.5,7.05,4.016,2,0.597
3022.5,STUART,50.053999999999995,0.925,2.3,6.75,3.935,2,0.59
3023.0,STUART,55.562,0.9329999999999999,1.8,6.9,3.9739999999999998,2,0.5820000000000001
3023.5,STUART,63.028999999999996,0.9470000000000001,2.0,6.8,3.859,2,0.575
3024.0,STUART,75.399,0.966,1.9,6.45,3.681,2,0.5670000000000001
3024.5,STUART,102.116,0.987,0.2,6.9,3.5610000000000004,2,0.56
3025.0,STUART,140.778,0.993,-0.4,7.0,3.513,2,0.552
3025.5,STUART,183.358,0.981,-0.3,7.35,3.437,2,0.545
3026.0,STUART,213.99900000000002,0.977,0.2,7.8,3.412,2,0.537
3026.5,STUART,220.41299999999998,1.004,0.0,8.0,3.528,2,0.53
3027.0,STUART,200.30599999999998,1.0270000000000001,0.0,8.0,3.6710000000000003,2,0.522
3027.5,STUART,162.149,0.9990000000000001,-0.2,8.5,3.7460000000000004,2,0.515
3028.0,STUART,121.20200000000001,0.95,0.2,9.2,3.892,2,0.507
3028.5,STUART,92.805,0.9159999999999999,1.3,9.95,3.924,2,0.5
3029.0,STUART,77.758,0.894,1.9,10.65,3.9530000000000003,2,0.493
3029.5,STUART,67.623,0.879,2.9,10.85,3.889,2,0.485
3030.0,STUART,62.376000000000005,0.873,2.5,11.45,3.799,2,0.478
3030.5,STUART,59.463,0.873,2.1,11.25,3.773,2,0.47
3031.0,STUART,55.211000000000006,0.872,2.7,10.45,3.784,2,0.46299999999999997
3031.5,STUART,51.727,0.866,2.3,10.35,3.787,2,0.455
3032.0,STUART,52.38,0.858,2.1,10.75,3.7760000000000002,2,0.44799999999999995
3032.5,STUART,53.122,0.851,2.5,11.05,3.7239999999999998,2,0.44
3033.0,STUART,51.245,0.8440000000000001,2.7,11.25,3.697,2,0.433
3033.5,STUART,52.208,0.836,1.5,11.75,3.653,2,0.425
3034.0,STUART,54.95,0.826,1.3,12.05,3.647,2,0.418
3034.5,STUART,54.43600000000001,0.8170000000000001,2.0,12.0,3.65,2,0.41
3035.0,STUART,54.81100000000001,0.81,1.8,12.1,3.678,2,0.40299999999999997
3035.5,STUART,55.603,0.8009999999999999,1.6,12.2,3.6439999999999997,2,0.396
3036.0,STUART,54.288999999999994,0.785,1.3,12.75,3.656,2,0.38799999999999996
3036.5,STUART,52.38,0.768,2.0,13.0,3.5980000000000003,2,0.381
3037.0,STUART,53.645,0.758,2.0,13.7,3.582,2,0.373
3037.5,STUART,53.93,0.757,2.1,13.75,3.5810000000000004,2,0.366
3038.0,STUART,56.071999999999996,0.755,2.9,13.75,3.645,2,0.358
3038.5,STUART,59.016999999999996,0.75,4.0,13.7,3.694,2,0.35100000000000003
3039.0,STUART,62.144,0.742,4.4,14.1,3.65,2,0.34299999999999997
3039.5,STUART,64.814,0.73,4.8,14.2,3.66,2,0.336
3040.0,STUART,66.705,0.7140000000000001,5.6,14.6,3.6889999999999996,2,0.32799999999999996
3040.5,STUART,67.568,0.695,6.5,15.45,3.674,2,0.321
3041.0,STUART,67.683,0.6759999999999999,6.7,15.65,3.603,2,0.313
3041.5,STUART,67.683,0.662,6.0,15.4,3.562,2,0.306
3042.0,STUART,67.683,0.6659999999999999,5.7,15.25,3.57,2,0.299
3042.5,STUART,67.683,0.701,6.0,15.2,3.603,2,0.29100000000000004
3043.0,STUART,67.683,0.778,5.1,15.65,3.537,2,0.284
3043.5,STUART,67.683,0.882,4.9,15.75,3.5469999999999997,2,0.276
3044.0,STUART,67.683,0.973,4.4,15.8,3.533,2,0.26899999999999996
3044.5,STUART,67.683,1.0170000000000001,3.5,16.25,3.495,2,0.261
2972.5,CRAWFORD,49.675,0.845,3.905,11.175,3.265,2,1.0
2973.0,CRAWFORD,34.435,0.879,3.085,8.175,3.8310000000000004,2,0.991
2973.5,CRAWFORD,26.178,0.92,2.615,4.945,4.306,2,0.981
2974.0,CRAWFORD,19.463,0.9670000000000001,0.82,3.82,4.578,2,0.972
2974.5,CRAWFORD,19.26,0.995,0.32,3.63,4.643,2,0.9620000000000001
2975.0,CRAWFORD,19.985,1.008,0.06,4.32,4.614,2,0.953
2975.5,CRAWFORD,22.298000000000002,1.002,-0.01,5.5,4.4910000000000005,2,0.943
2976.0,CRAWFORD,24.611,0.956,0.05,6.87,4.369,2,0.934
2976.5,CRAWFORD,24.677,0.8240000000000001,0.31,6.94,4.047,2,0.915
2977.0,CRAWFORD,24.945999999999998,0.667,0.965,5.915,3.8930000000000002,2,0.9059999999999999
2977.5,CRAWFORD,29.31,0.5589999999999999,2.11,6.15,3.52,2,0.8959999999999999
2978.0,CRAWFORD,37.321999999999996,0.522,3.375,8.445,3.125,2,0.887
2978.5,CRAWFORD,42.141999999999996,0.51,3.985,10.785,2.843,2,0.877
2979.0,CRAWFORD,52.434,0.49200000000000005,4.42,13.15,2.674,2,0.868
2979.5,CRAWFORD,63.181000000000004,0.473,5.18,14.13,2.6439999999999997,2,0.858
2980.0,CRAWFORD,69.405,0.465,5.52,14.56,2.6630000000000003,2,0.8490000000000001
2980.5,CRAWFORD,77.785,0.475,5.82,14.94,2.68,2,0.84
2981.0,CRAWFORD,83.57700000000001,0.469,5.965,15.395,2.6660000000000004,2,0.83
2981.5,CRAWFORD,84.05799999999999,0.513,6.025,15.855,2.622,2,0.821
2982.0,CRAWFORD,81.82,0.544,5.95,16.05,2.609,2,0.8109999999999999
2982.5,CRAWFORD,80.257,0.563,5.74,16.1,2.6260000000000003,2,0.802
2983.0,CRAWFORD,79.833,0.579,5.135,15.715,2.662,2,0.792
2983.5,CRAWFORD,80.32300000000001,0.583,4.565,15.275,2.693,2,0.7829999999999999
2984.0,CRAWFORD,84.704,0.59,4.365,15.165,2.7110000000000003,2,0.774
2984.5,CRAWFORD,96.67399999999999,0.596,4.725,15.565,2.7439999999999998,2,0.764
2985.0,CRAWFORD,112.662,0.609,4.88,15.71,2.824,2,0.755
2985.5,CRAWFORD,131.484,0.634,5.11,15.6,2.935,2,0.745
2986.0,CRAWFORD,138.16899999999998,0.659,5.33,15.1,3.0,2,0.736
2986.5,CRAWFORD,135.045,0.682,5.1,14.46,3.048,2,0.726
2987.0,CRAWFORD,117.726,0.7070000000000001,4.415,13.315,3.097,2,0.7170000000000001
2987.5,CRAWFORD,98.382,0.7290000000000001,3.395,11.695,3.193,2,0.708
2988.0,CRAWFORD,91.348,0.7709999999999999,3.235,10.985,3.3080000000000003,2,0.698
2988.5,CRAWFORD,87.05,0.831,3.21,10.64,3.4930000000000003,2,0.6890000000000001
2989.0,CRAWFORD,82.98,0.9279999999999999,2.835,10.115,3.5260000000000002,2,0.679
2989.5,CRAWFORD,67.264,1.0190000000000001,0.475,8.435,3.217,2,0.67
2990.0,CRAWFORD,57.068999999999996,1.047,-2.385,7.115,3.157,2,0.66
2990.5,CRAWFORD,46.873999999999995,1.0659999999999998,-3.97,6.6,3.159,2,0.6509999999999999
2991.0,CRAWFORD,39.325,1.06,-3.69,7.15,3.2239999999999998,2,0.642
2991.5,CRAWFORD,43.946000000000005,1.042,-2.73,7.29,3.272,2,0.632
2992.0,CRAWFORD,51.73,1.005,-0.9,7.98,3.29,2,0.623
2992.5,CRAWFORD,58.373999999999995,0.956,1.46,9.41,3.2769999999999997,2,0.613
2993.0,CRAWFORD,67.75399999999999,0.904,3.985,11.545,3.2960000000000003,2,0.604
2993.5,CRAWFORD,71.206,0.8740000000000001,5.045,12.915,3.3280000000000003,2,0.594
2994.0,CRAWFORD,69.188,0.852,4.86,12.85,3.33,2,0.585
2994.5,CRAWFORD,58.452,0.841,3.455,11.265,3.332,2,0.575
2995.0,CRAWFORD,38.715,0.816,2.185,9.855,3.365,2,0.5660000000000001
2995.5,CRAWFORD,30.541,0.8009999999999999,0.96,8.76,3.4760000000000004,2,0.557
2996.0,CRAWFORD,21.684,0.792,-0.04,8.28,3.7739999999999996,2,0.547
2996.5,CRAWFORD,21.252,0.7929999999999999,-0.505,9.225,4.041,2,0.5379999999999999
2997.0,CRAWFORD,23.116999999999997,0.7929999999999999,-0.555,9.895,4.292,2,0.528
2997.5,CRAWFORD,28.85,0.7909999999999999,-0.46,9.89,4.371,2,0.519
2998.0,CRAWFORD,36.226,0.7879999999999999,-0.085,9.175,4.112,2,0.509
2998.5,CRAWFORD,42.83,0.8009999999999999,0.41,8.49,3.91,2,0.5
2999.0,CRAWFORD,46.846000000000004,0.82,1.255,8.275,3.793,2,0.491
2999.5,CRAWFORD,48.133,0.845,1.77,8.29,3.486,2,0.48100000000000004
3000.0,CRAWFORD,43.162,0.8740000000000001,1.35,8.64,3.263,2,0.47200000000000003
3000.5,CRAWFORD,36.586,0.92,1.01,8.74,3.187,2,0.462
3001.0,CRAWFORD,32.746,0.955,0.625,8.535,3.173,2,0.45299999999999996
3001.5,CRAWFORD,30.956999999999997,0.9740000000000001,0.565,8.555,3.315,2,0.44299999999999995
3002.0,CRAWFORD,30.765,0.981,0.545,8.575,3.4410000000000003,2,0.434
3002.5,CRAWFORD,31.265,0.987,0.625,8.425,3.6180000000000003,2,0.425
3003.0,CRAWFORD,33.124,0.9940000000000001,0.755,8.045,3.943,2,0.415
3003.5,CRAWFORD,35.211,0.997,0.635,7.555,4.07,2,0.406
3004.0,CRAWFORD,36.385999999999996,0.988,0.125,7.135,3.885,2,0.396
3004.5,CRAWFORD,38.016999999999996,0.951,-0.175,6.875,3.654,2,0.387
3005.0,CRAWFORD,41.016000000000005,0.903,0.055,6.825,3.438,2,0.377
3005.5,CRAWFORD,49.653999999999996,0.8540000000000001,1.52,7.51,3.33,2,0.368
3006.0,CRAWFORD,62.068000000000005,0.799,3.1,9.13,3.2089999999999996,2,0.358
3006.5,CRAWFORD,71.222,0.74,4.0,10.98,3.0869999999999997,2,0.349
3007.0,CRAWFORD,73.309,0.691,4.015,12.425,2.98,2,0.34
3007.5,CRAWFORD,69.469,0.627,3.19,13.37,2.904,2,0.33
3008.0,CRAWFORD,65.857,0.5589999999999999,2.1,14.08,2.859,2,0.321
3008.5,CRAWFORD,58.369,0.504,0.715,14.235,2.83,2,0.311
3009.0,CRAWFORD,56.125,0.435,-0.775,13.415,2.786,2,0.302
3009.5,CRAWFORD,56.769,0.37799999999999995,-1.155,12.805,2.7260000000000004,2,0.292
3010.0,CRAWFORD,62.586999999999996,0.298,-0.18,12.87,2.588,2,0.28300000000000003
3010.5,CRAWFORD,64.67399999999999,0.252,0.24,14.42,2.465,2,0.27399999999999997
3011.0,CRAWFORD,64.253,0.212,0.24,16.36,2.374,2,0.264
3011.5,CRAWFORD,61.553000000000004,0.166,-0.295,18.395,2.329,2,0.255
3012.0,CRAWFORD,60.221000000000004,0.114,-0.59,19.27,2.315,2,0.245
3012.5,CRAWFORD,59.11600000000001,0.09300000000000001,-0.655,19.655,2.302,2,0.23600000000000002
3013.0,CRAWFORD,57.997,0.081,-0.8,19.69,2.258,2,0.226
3013.5,CRAWFORD,57.363,0.091,-1.105,19.095,2.2430000000000003,2,0.217
3014.0,CRAWFORD,57.863,0.14400000000000002,-1.27,18.12,2.261,2,0.20800000000000002
3014.5,CRAWFORD,59.038000000000004,0.20600000000000002,-1.26,17.03,2.326,2,0.198
3015.0,CRAWFORD,60.213,0.29,-1.04,16.68,2.4090000000000003,2,0.18899999999999997
3015.5,CRAWFORD,61.16,0.368,-0.14,16.68,2.781,2,0.179
3016.0,CRAWFORD,58.46,0.46799999999999997,-0.25,15.21,3.327,2,0.17
3016.5,CRAWFORD,53.48,0.564,0.36,11.47,3.7960000000000003,2,0.16
3017.0,CRAWFORD,51.692,0.657,0.825,8.125,4.062,2,0.151
3017.5,CRAWFORD,67.238,0.807,1.7,7.13,4.173,2,0.142
3018.0,CRAWFORD,74.796,0.89,2.905,7.335,4.19,2,0.132
3018.5,CRAWFORD,75.743,0.925,3.055,7.765,4.302,2,0.12300000000000001
3019.0,CRAWFORD,70.991,0.9279999999999999,2.325,7.785,4.444,2,0.113
3019.5,CRAWFORD,57.348,0.929,1.355,7.395,4.492,2,0.10400000000000001
3020.0,CRAWFORD,46.213,0.929,0.67,7.43,4.385,2,0.094
3020.5,CRAWFORD,42.11600000000001,0.9259999999999999,0.19,7.17,4.2010000000000005,2,0.085
3021.0,CRAWFORD,44.925,0.9179999999999999,-0.19,6.69,4.093,2,0.075
3021.5,CRAWFORD,55.903,0.912,0.07,5.72,4.034,2,0.066
3022.0,CRAWFORD,66.196,0.9059999999999999,0.495,5.375,3.958,2,0.057
3022.5,CRAWFORD,73.52600000000001,0.894,1.44,5.26,3.82,2,0.047
3032.0,CRAWFORD,72.392,0.7090000000000001,-0.74,18.41,2.6289999999999996,1,0.125
3032.5,CRAWFORD,69.928,0.792,-0.69,19.32,2.616,1,0.063
3033.0,CRAWFORD,64.72,0.8490000000000001,-0.96,16.33,2.9139999999999997,2,1.0
3033.5,CRAWFORD,52.445,0.892,0.91,11.35,3.292,2,0.977
3034.0,CRAWFORD,43.361999999999995,0.93,-0.02,6.92,3.571,2,0.955
3034.5,CRAWFORD,42.06399999999999,0.9740000000000001,0.015,5.495,3.435,2,0.909
3035.0,CRAWFORD,45.641999999999996,0.956,0.005,5.475,3.375,2,0.8859999999999999
3035.5,CRAWFORD,53.266000000000005,0.932,-0.105,5.545,3.299,2,0.8640000000000001
3036.0,CRAWFORD,59.043,0.894,0.17,6.99,3.114,2,0.841
3036.5,CRAWFORD,62.331,0.8340000000000001,-0.245,9.835,2.813,2,0.818
3037.0,CRAWFORD,60.946000000000005,0.884,-1.69,16.08,2.745,2,0.795
3037.5,CRAWFORD,53.913999999999994,0.9179999999999999,-0.72,19.54,3.1519999999999997,2,0.773
3038.0,CRAWFORD,45.287,0.922,-0.86,18.44,3.9619999999999997,2,0.75
3038.5,CRAWFORD,30.049,0.925,0.445,13.565,4.571000000000001,2,0.727
3039.0,CRAWFORD,23.017,0.9470000000000001,0.54,9.59,4.806,2,0.705
3039.5,CRAWFORD,21.228,0.973,-0.03,7.57,4.824,2,0.682
3040.0,CRAWFORD,20.109,0.985,0.225,6.725,4.81,2,0.659
3040.5,CRAWFORD,19.256,0.995,0.415,6.505,4.859,2,0.636
3041.0,CRAWFORD,18.38,0.9990000000000001,0.44,6.29,4.8919999999999995,2,0.614
3041.5,CRAWFORD,17.275,0.987,0.185,6.075,4.91,2,0.591
3042.0,CRAWFORD,16.39,0.975,0.015,5.815,4.88,2,0.568
3042.5,CRAWFORD,16.197,0.963,-0.205,5.445,4.834,2,0.545
3043.0,CRAWFORD,16.469,0.9570000000000001,-0.225,5.335,4.76,2,0.523
3043.5,CRAWFORD,20.38,0.973,-0.295,5.255,4.669,2,0.5
3044.0,CRAWFORD,31.86,1.005,-0.185,5.045,4.547,2,0.47700000000000004
3044.5,CRAWFORD,39.608000000000004,1.0390000000000001,0.44,5.16,4.5169999999999995,2,0.455
3045.0,CRAWFORD,43.291000000000004,1.064,0.96,5.09,4.488,2,0.43200000000000005
3045.5,CRAWFORD,44.001000000000005,1.089,1.295,4.875,4.396,2,0.409
3046.0,CRAWFORD,38.574,1.112,0.7,4.09,4.275,2,0.386
3046.5,CRAWFORD,35.19,1.128,0.195,3.575,4.245,2,0.364
3047.0,CRAWFORD,32.946,1.131,-0.215,3.205,4.434,2,0.341
3047.5,CRAWFORD,31.613000000000003,1.128,-0.095,3.545,4.405,2,0.318
3048.0,CRAWFORD,32.113,1.092,-0.005,4.715,4.329,2,0.295
3048.5,CRAWFORD,32.368,1.052,0.29,5.42,4.285,2,0.273
3049.0,CRAWFORD,31.506999999999998,0.978,0.405,5.865,4.224,2,0.25
3049.5,CRAWFORD,30.849,0.88,0.445,6.595,4.04,2,0.22699999999999998
3050.0,CRAWFORD,29.953000000000003,0.772,0.91,7.82,3.451,2,0.205
3050.5,CRAWFORD,28.875999999999998,0.723,1.24,9.64,3.141,2,0.182
3051.0,CRAWFORD,28.228,0.705,1.21,10.47,3.2060000000000004,2,0.159
3051.5,CRAWFORD,28.263,0.693,1.005,10.355,3.38,2,0.136
3052.0,CRAWFORD,28.754,0.693,0.47,9.35,3.6460000000000004,2,0.114
3052.5,CRAWFORD,34.26,0.6940000000000001,0.34,7.94,3.9739999999999998,2,0.091
3053.0,CRAWFORD,45.01,0.6940000000000001,0.485,6.185,4.2410000000000005,2,0.068
3053.5,CRAWFORD,55.98,0.7070000000000001,0.665,5.945,4.093,2,0.045
3054.0,CRAWFORD,67.146,0.7170000000000001,0.965,6.695,3.67,2,0.023
3054.5,CRAWFORD,80.0,0.708,1.965,8.815,3.361,1,1.0
3055.0,CRAWFORD,85.05,0.69,3.215,10.515,3.16,1,0.95
3055.5,CRAWFORD,83.946,0.659,3.965,11.115,3.178,1,0.9
3056.0,CRAWFORD,80.973,0.623,4.61,10.99,3.2110000000000003,1,0.85
3056.5,CRAWFORD,78.782,0.5920000000000001,4.845,10.905,3.213,1,0.8
3057.0,CRAWFORD,76.082,0.574,4.82,10.73,3.2310000000000003,1,0.75
3057.5,CRAWFORD,72.925,0.562,4.535,10.405,3.217,1,0.7
3058.0,CRAWFORD,72.04899999999999,0.55,4.24,10.55,3.187,1,0.65
3058.5,CRAWFORD,71.391,0.535,4.115,11.005,3.128,1,0.6
3059.0,CRAWFORD,70.751,0.527,4.055,11.765,3.036,1,0.55
3059.5,CRAWFORD,71.26100000000001,0.5329999999999999,4.235,12.565,3.0069999999999997,1,0.5
3060.0,CRAWFORD,73.11,0.518,4.44,12.8,2.978,1,0.45
3060.5,CRAWFORD,75.425,0.491,3.815,12.085,2.903,1,0.4
3061.0,CRAWFORD,76.828,0.47,3.265,11.525,2.687,1,0.35
3061.5,CRAWFORD,75.04,0.45799999999999996,3.16,11.69,2.58,1,0.3
3062.0,CRAWFORD,70.288,0.449,3.695,12.535,2.5340000000000003,1,0.25
3062.5,CRAWFORD,66.266,0.44299999999999995,4.505,13.995,2.553,1,0.2
3063.0,CRAWFORD,60.79,0.441,6.07,16.34,2.679,1,0.15
3063.5,CRAWFORD,54.67,0.444,6.25,16.74,3.35,1,0.1
3064.0,CRAWFORD,48.093999999999994,0.445,5.995,16.615,3.865,1,0.05
3064.5,CRAWFORD,41.062,0.445,3.425,13.955,4.24,2,1.0
3065.0,CRAWFORD,39.046,0.455,1.725,12.915,4.507,2,0.9640000000000001
3065.5,CRAWFORD,38.169000000000004,0.45799999999999996,1.1,12.79,4.354,2,0.929
3066.0,CRAWFORD,40.493,0.465,0.895,13.365,4.293,2,0.893
3066.5,CRAWFORD,43.948,0.45899999999999996,0.68,13.98,4.248,2,0.857
3067.0,CRAWFORD,46.49100000000001,0.423,0.57,14.45,4.266,2,0.821
3067.5,CRAWFORD,47.21,0.392,0.565,14.945,4.331,2,0.7859999999999999
3068.0,CRAWFORD,46.788999999999994,0.34600000000000003,0.765,15.325,4.395,2,0.75
3068.5,CRAWFORD,45.912,0.325,0.985,15.625,4.397,2,0.7140000000000001
3069.0,CRAWFORD,45.70399999999999,0.304,1.205,15.925,4.383,2,0.679
3069.5,CRAWFORD,45.527,0.295,1.27,15.89,4.276,2,0.643
3070.0,CRAWFORD,44.887,0.289,1.155,15.315,4.123,2,0.607
3070.5,CRAWFORD,44.23,0.29,0.815,14.205,3.95,2,0.5710000000000001
3071.0,CRAWFORD,44.273999999999994,0.281,0.55,12.84,3.785,2,0.536
3071.5,CRAWFORD,45.221000000000004,0.247,0.545,11.605,3.647,2,0.5
3072.0,CRAWFORD,46.396,0.16699999999999998,1.685,11.385,3.431,2,0.46399999999999997
3072.5,CRAWFORD,46.888000000000005,0.11800000000000001,2.92,12.76,3.2,2,0.429
3073.0,CRAWFORD,46.475,0.069,4.4,16.76,2.968,2,0.39299999999999996
3073.5,CRAWFORD,46.738,0.042,5.065,20.085,2.815,2,0.35700000000000004
3074.0,CRAWFORD,47.913999999999994,0.033,4.815,20.915,2.8480000000000003,2,0.321
3074.5,CRAWFORD,51.596000000000004,0.04,4.485,20.755,2.99,2,0.28600000000000003
3075.0,CRAWFORD,62.89,0.102,4.42,17.02,3.4739999999999998,2,0.25
3075.5,CRAWFORD,80.38,0.22,3.955,12.965,4.067,2,0.214
3076.0,CRAWFORD,105.725,0.34700000000000003,2.42,7.33,4.271,2,0.179
3076.5,CRAWFORD,131.069,0.524,1.655,5.355,3.838,2,0.14300000000000002
3077.0,CRAWFORD,145.018,0.636,-0.905,7.135,3.2030000000000003,2,0.107
3077.5,CRAWFORD,131.376,0.726,-1.94,12.26,2.8160000000000003,2,0.071
3078.0,CRAWFORD,110.21,0.792,0.27,14.14,2.678,2,0.036000000000000004
3078.5,CRAWFORD,89.045,0.826,3.14,13.7,2.773,1,1.0
3079.0,CRAWFORD,73.807,0.8079999999999999,4.795,11.855,3.3710000000000004,1,0.9440000000000001
3079.5,CRAWFORD,73.158,0.7809999999999999,4.755,10.905,3.4930000000000003,1,0.889
3080.0,CRAWFORD,73.195,0.763,3.975,10.205,3.432,1,0.833
3080.5,CRAWFORD,72.325,0.748,3.68,10.0,3.387,1,0.778
3081.0,CRAWFORD,71.221,0.742,3.33,9.69,3.3739999999999997,1,0.722
3081.5,CRAWFORD,70.563,0.742,2.76,9.25,3.3289999999999997,1,0.667
3082.0,CRAWFORD,71.51899999999999,0.733,1.75,10.04,3.145,1,0.611
3082.5,CRAWFORD,74.062,0.722,2.32,12.64,2.945,1,0.556
3083.0,CRAWFORD,77.061,0.71,2.765,15.055,2.7760000000000002,1,0.5
3083.5,CRAWFORD,78.693,0.695,3.04,15.66,2.793,1,0.444
3084.0,CRAWFORD,79.192,0.6829999999999999,2.505,14.075,2.951,1,0.389
3084.5,CRAWFORD,79.192,0.6829999999999999,2.505,14.075,2.951,1,0.389
3085.0,CRAWFORD,78.999,0.662,2.395,12.335,2.984,1,0.33299999999999996
3085.5,CRAWFORD,78.11399999999999,0.64,2.395,11.095,2.909,1,0.278
3086.0,CRAWFORD,77.24600000000001,0.625,2.705,12.075,2.708,1,0.222
3086.5,CRAWFORD,76.369,0.62,2.305,15.615,2.6010000000000004,1,0.16699999999999998
3087.0,CRAWFORD,72.301,0.633,0.98,21.27,2.759,1,0.111
3087.5,CRAWFORD,61.107,0.667,-1.74,21.21,3.8489999999999998,1,0.055999999999999994
3088.0,CRAWFORD,41.148999999999994,0.68,-2.295,18.875,4.854,2,1.0
3088.5,CRAWFORD,28.419,0.6859999999999999,-0.92,14.54,5.0360000000000005,2,0.938
3089.0,CRAWFORD,22.526999999999997,0.687,0.36,10.24,5.044,2,0.875
3089.5,CRAWFORD,18.459,0.684,2.27,8.16,4.931,2,0.813
3090.0,CRAWFORD,17.345,0.679,2.67,8.23,4.547,2,0.75
3090.5,CRAWFORD,17.617,0.6759999999999999,2.855,8.725,4.328,2,0.688
3091.0,CRAWFORD,19.292,0.664,2.695,9.465,4.2989999999999995,2,0.625
3091.5,CRAWFORD,21.572,0.655,2.535,9.705,4.301,2,0.563
3092.0,CRAWFORD,22.975,0.653,1.95,9.21,4.319,2,0.5
3092.5,CRAWFORD,23.921999999999997,0.65,1.34,8.59,4.305,2,0.43799999999999994
3093.0,CRAWFORD,24.869,0.657,0.63,7.42,4.291,2,0.375
3093.5,CRAWFORD,27.64,0.669,0.42,6.02,4.216,2,0.313
3094.0,CRAWFORD,34.058,0.67,0.44,4.4,4.109,2,0.25
3094.5,CRAWFORD,41.489,0.652,1.11,4.03,3.815,2,0.188
3095.0,CRAWFORD,51.235,0.631,1.73,5.19,3.444,2,0.125
3095.5,CRAWFORD,55.601000000000006,0.61,2.42,7.82,3.1460000000000004,2,0.063
3096.0,CRAWFORD,59.512,0.601,3.715,10.375,2.935,1,1.0
3096.5,CRAWFORD,62.055,0.598,4.13,12.01,2.844,1,0.95
3097.0,CRAWFORD,64.37,0.5920000000000001,3.83,12.15,2.7680000000000002,1,0.9
3097.5,CRAWFORD,65.773,0.5870000000000001,3.32,11.31,2.708,1,0.85
3098.0,CRAWFORD,66.036,0.593,2.635,9.895,2.6630000000000003,1,0.8
3098.5,CRAWFORD,64.712,0.597,2.65,9.32,2.616,1,0.75
3099.0,CRAWFORD,64.039,0.6,2.545,8.775,2.603,1,0.7
3099.5,CRAWFORD,64.332,0.61,2.57,8.69,2.589,1,0.65
3100.0,CRAWFORD,68.247,0.601,2.545,9.105,2.531,1,0.6
3100.5,CRAWFORD,75.809,0.583,2.99,10.63,2.4859999999999998,1,0.55
3101.0,CRAWFORD,84.73899999999999,0.5589999999999999,3.69,12.42,2.488,1,0.5
3101.5,CRAWFORD,95.76799999999999,0.541,4.595,14.775,2.52,1,0.45
3102.0,CRAWFORD,94.175,0.529,4.575,15.465,2.6,1,0.4
3102.5,CRAWFORD,89.427,0.529,4.575,15.555,2.7880000000000003,1,0.35
3103.0,CRAWFORD,84.90799999999999,0.527,4.35,14.27,3.148,1,0.3
3103.5,CRAWFORD,81.3,0.53,3.17,11.82,3.103,1,0.25
3104.0,CRAWFORD,82.251,0.534,1.84,10.85,2.6910000000000003,1,0.2
3104.5,CRAWFORD,83.20299999999999,0.568,0.12,16.21,2.235,1,0.15
3105.0,CRAWFORD,82.88799999999999,0.647,-0.305,24.225,2.113,1,0.1
3105.5,CRAWFORD,70.52600000000001,0.731,-3.475,31.335,2.301,1,0.05
3106.0,CRAWFORD,59.858000000000004,0.7929999999999999,-2.585,25.825,3.3289999999999997,2,1.0
3106.5,CRAWFORD,43.933,0.815,-2.425,18.585,4.2330000000000005,2,0.9440000000000001
3107.0,CRAWFORD,30.523000000000003,0.828,-0.505,13.435,4.53,2,0.889
3107.5,CRAWFORD,21.444000000000003,0.867,-0.83,7.75,4.734,2,0.833
3108.0,CRAWFORD,18.52,0.948,0.5,5.3,4.86,2,0.778
3108.5,CRAWFORD,20.668000000000003,1.034,0.725,4.655,4.986000000000001,2,0.722
3109.0,CRAWFORD,23.396,1.077,0.945,4.055,4.9719999999999995,2,0.667
3109.5,CRAWFORD,25.715999999999998,1.112,1.0,3.38,4.974,2,0.611
3110.0,CRAWFORD,28.035,1.131,1.335,2.125,4.9910000000000005,2,0.556
3110.5,CRAWFORD,31.494,1.128,1.565,1.855,5.024,2,0.5
3111.0,CRAWFORD,42.743,1.145,0.74,2.92,4.996,2,0.389
3111.5,CRAWFORD,47.021,1.158,0.415,2.815,4.874,2,0.33299999999999996
3112.0,CRAWFORD,49.443000000000005,1.158,0.265,2.475,4.72,2,0.278
3112.5,CRAWFORD,48.343,1.072,0.175,2.025,4.435,2,0.222
3113.0,CRAWFORD,47.243,0.993,0.305,2.325,4.07,2,0.16699999999999998
3113.5,CRAWFORD,47.738,0.9359999999999999,0.625,3.575,3.745,2,0.111
3114.0,CRAWFORD,55.757,0.9,2.86,7.09,3.514,2,0.055999999999999994
3114.5,CRAWFORD,67.815,0.8759999999999999,4.345,9.295,3.406,1,1.0
3115.0,CRAWFORD,68.904,0.852,4.72,9.57,3.455,1,0.938
3115.5,CRAWFORD,64.085,0.8340000000000001,3.905,7.665,3.565,1,0.875
3116.0,CRAWFORD,53.913000000000004,0.828,3.37,5.72,3.645,1,0.813
3116.5,CRAWFORD,50.715,0.841,2.665,4.465,3.615,1,0.75
3117.0,CRAWFORD,51.22,0.8540000000000001,2.43,3.86,3.714,1,0.688
3119.0,CRAWFORD,65.99,0.794,3.075,6.985,3.5,1,0.43799999999999994
3119.5,CRAWFORD,74.325,0.764,1.485,11.995,3.159,1,0.375
3120.0,CRAWFORD,77.227,0.718,1.095,15.315,2.865,1,0.313
3120.5,CRAWFORD,78.863,0.687,1.285,17.905,2.696,1,0.25
3121.0,CRAWFORD,79.13,0.669,2.755,19.325,2.6510000000000002,1,0.188
3121.5,CRAWFORD,76.89,0.657,4.55,19.53,2.6710000000000003,1,0.125
3122.0,CRAWFORD,69.179,0.6920000000000001,6.11,19.22,3.114,1,0.063
3122.5,CRAWFORD,59.998999999999995,0.732,4.62,16.19,4.1339999999999995,2,1.0
3123.0,CRAWFORD,41.912,0.7609999999999999,1.64,10.98,4.726,2,0.983
3123.5,CRAWFORD,26.221999999999998,0.805,0.755,7.955,4.899,2,0.966
3124.0,CRAWFORD,22.615,0.845,1.58,6.02,4.854,2,0.948
3124.5,CRAWFORD,20.83,0.8490000000000001,1.97,4.39,4.7780000000000005,2,0.9309999999999999
3125.0,CRAWFORD,21.326,0.836,2.77,4.39,4.655,2,0.914
3125.5,CRAWFORD,23.645,0.725,3.665,5.185,4.408,2,0.897
3126.0,CRAWFORD,29.02,0.5870000000000001,4.805,7.455,3.97,2,0.879
3126.5,CRAWFORD,35.588,0.461,5.255,11.615,3.6060000000000003,2,0.862
3127.0,CRAWFORD,39.503,0.325,5.335,18.395,3.3089999999999997,2,0.845
3127.5,CRAWFORD,41.138999999999996,0.239,4.545,21.765,3.342,2,0.828
3128.0,CRAWFORD,41.861999999999995,0.184,2.77,21.54,3.4219999999999997,2,0.81
3128.5,CRAWFORD,42.586000000000006,0.16899999999999998,-0.02,19.0,3.485,2,0.7929999999999999
3129.0,CRAWFORD,44.221000000000004,0.139,2.425,18.905,3.378,2,0.7759999999999999
3129.5,CRAWFORD,47.395,0.121,3.7,20.04,3.2089999999999996,2,0.759
3130.0,CRAWFORD,54.79600000000001,0.10300000000000001,4.59,22.87,3.133,2,0.741
3130.5,CRAWFORD,58.255,0.091,5.19,25.77,3.1660000000000004,2,0.7240000000000001
3131.0,CRAWFORD,60.347,0.076,4.065,26.095,3.1180000000000003,2,0.7070000000000001
3131.5,CRAWFORD,61.754,0.048,3.235,25.165,3.06,2,0.69
3132.0,CRAWFORD,61.794,0.002,2.74,22.4,3.14,2,0.672
3132.5,CRAWFORD,61.833,-0.047,3.65,21.13,3.437,2,0.655
3133.0,CRAWFORD,62.358000000000004,-0.096,4.43,21.27,3.6719999999999997,2,0.638
3133.5,CRAWFORD,63.062,-0.147,4.895,22.325,3.782,2,0.621
3134.0,CRAWFORD,63.33,-0.20600000000000002,5.245,22.895,3.737,2,0.603
3134.5,CRAWFORD,62.685,-0.218,5.035,22.725,3.5839999999999996,2,0.586
3135.0,CRAWFORD,60.217,-0.23,4.57,21.84,3.444,2,0.569
3135.5,CRAWFORD,55.926,-0.217,5.185,20.385,3.352,2,0.552
3136.0,CRAWFORD,52.318000000000005,-0.185,5.795,18.665,3.4960000000000004,2,0.534
3136.5,CRAWFORD,47.244,-0.16,5.445,15.725,3.855,2,0.517
3137.0,CRAWFORD,45.786,-0.138,4.165,11.765,3.966,2,0.5
3137.5,CRAWFORD,46.975,-0.11599999999999999,5.55,10.25,3.765,2,0.483
3138.0,CRAWFORD,51.907,-0.10300000000000001,7.385,11.675,3.44,2,0.466
3138.5,CRAWFORD,58.336000000000006,-0.09300000000000001,6.61,13.74,3.162,2,0.44799999999999995
3139.0,CRAWFORD,64.995,-0.09,5.94,16.68,3.0239999999999996,2,0.431
3139.5,CRAWFORD,67.543,-0.08900000000000001,5.7,17.72,3.057,2,0.414
3140.0,CRAWFORD,68.041,-0.10400000000000001,5.755,18.395,3.1710000000000003,2,0.397
3140.5,CRAWFORD,66.186,-0.14400000000000002,5.995,19.265,3.2310000000000003,2,0.379
3141.0,CRAWFORD,62.184,-0.187,6.54,20.72,3.264,2,0.36200000000000004
3141.5,CRAWFORD,57.883,-0.239,6.0,21.62,3.2969999999999997,2,0.345
3142.0,CRAWFORD,54.038999999999994,-0.297,5.725,22.245,3.282,2,0.32799999999999996
3142.5,CRAWFORD,53.153999999999996,-0.371,5.745,23.065,3.222,2,0.31
3143.0,CRAWFORD,60.506,-0.43200000000000005,5.78,23.96,3.115,2,0.293
3143.5,CRAWFORD,68.99,-0.456,6.14,25.32,2.977,2,0.276
3144.0,CRAWFORD,88.891,-0.46799999999999997,7.025,27.595,2.9160000000000004,2,0.259
3144.5,CRAWFORD,114.955,-0.455,6.925,28.395,2.924,2,0.24100000000000002
3145.0,CRAWFORD,139.876,-0.405,6.245,28.025,3.215,2,0.22399999999999998
3145.5,CRAWFORD,157.72899999999998,-0.353,4.685,26.015,3.373,2,0.207
3146.0,CRAWFORD,167.803,-0.21899999999999997,4.27,23.37,3.81,2,0.19
3146.5,CRAWFORD,151.183,-0.057,0.925,17.125,4.1530000000000005,2,0.172
3147.0,CRAWFORD,123.264,0.067,0.285,14.215,4.404,2,0.155
3147.5,CRAWFORD,108.569,0.23399999999999999,0.705,12.225,4.499,2,0.138
3148.0,CRAWFORD,101.072,0.42700000000000005,1.15,10.76,4.3919999999999995,2,0.121
3148.5,CRAWFORD,91.74799999999999,0.625,1.135,9.605,4.254,2,0.10300000000000001
3149.0,CRAWFORD,83.794,0.7490000000000001,2.075,7.845,4.023,2,0.086
3149.5,CRAWFORD,83.794,0.7490000000000001,2.075,7.845,4.023,2,0.086
3150.0,CRAWFORD,79.722,0.7709999999999999,2.89,6.64,4.04,2,0.069
3150.5,CRAWFORD,76.334,0.8,2.96,6.29,3.997,2,0.052000000000000005
3151.0,CRAWFORD,73.631,0.8,2.68,6.69,3.8280000000000003,2,0.034
3151.5,CRAWFORD,76.865,0.772,2.42,8.6,3.535,2,0.017
3152.0,CRAWFORD,79.92399999999999,0.752,2.62,11.51,3.148,1,1.0
3152.5,CRAWFORD,82.199,0.728,3.725,14.555,2.964,1,0.972
3153.0,CRAWFORD,79.953,0.7,5.61,16.93,2.793,1,0.9440000000000001
3153.5,CRAWFORD,75.881,0.6729999999999999,6.3,17.57,2.969,1,0.917
3154.0,CRAWFORD,67.47,0.652,4.775,15.795,3.282,1,0.889
3154.5,CRAWFORD,58.832,0.64,4.315,13.575,3.642,1,0.861
3155.0,CRAWFORD,57.946000000000005,0.631,3.595,11.305,3.8930000000000002,1,0.833
3155.5,CRAWFORD,65.755,0.625,3.465,10.355,3.911,1,0.8059999999999999
3156.0,CRAWFORD,69.445,0.617,3.39,11.54,3.82,1,0.778
3156.5,CRAWFORD,73.389,0.608,3.625,12.775,3.62,1,0.75
3157.0,CRAWFORD,77.115,0.605,4.14,13.42,3.467,1,0.722
3157.5,CRAWFORD,79.84,0.596,4.875,13.825,3.36,1,0.6940000000000001
3158.0,CRAWFORD,82.616,0.5770000000000001,5.235,14.845,3.207,1,0.667
3158.5,CRAWFORD,86.07799999999999,0.5539999999999999,5.04,16.15,3.161,1,0.639
3159.0,CRAWFORD,88.855,0.539,5.56,16.75,3.1180000000000003,1,0.611
3159.5,CRAWFORD,90.49,0.53,6.36,16.78,3.168,1,0.583
3160.0,CRAWFORD,90.975,0.522,7.035,16.995,3.154,1,0.556
3160.5,CRAWFORD,90.10799999999999,0.513,7.505,17.595,3.125,1,0.528
